{"cameraMode":{"drawMode":0,"name":"Shaded","section":"Shading Mode"},"sceneLighting":true,"audioPlay":false,"sceneViewState":{"m_AlwaysRefresh":false,"showFog":true,"showSkybox":true,"showFlares":true,"showImageEffects":true,"showParticleSystems":true,"showVisualEffectGraphs":true,"m_FxEnabled":true},"in2DMode":false,"pivot":{"x":8.616466522216797,"y":1.6120716333389283,"z":20.426513671875},"rotation":{"x":-0.0031956061720848085,"y":-0.2603662610054016,"z":0.0008614431135356426,"w":-0.9655063152313232},"size":11.876937866210938,"orthographic":false}