{"cameraMode":{"drawMode":0,"name":"Shaded","section":"Shading Mode"},"sceneLighting":true,"audioPlay":false,"sceneViewState":{"m_AlwaysRefresh":false,"showFog":true,"showSkybox":true,"showFlares":true,"showImageEffects":true,"showParticleSystems":true,"showVisualEffectGraphs":true,"m_FxEnabled":true},"in2DMode":false,"pivot":{"x":2.271592855453491,"y":-0.13251414895057679,"z":14.69935417175293},"rotation":{"x":-0.07015460729598999,"y":-0.12921306490898133,"z":0.009164820425212384,"w":-0.989089846611023},"size":11.876937866210938,"orthographic":false}